{"all": {"BM25SearchEngine": {"nDCG@10": 0.60048389721021, "AP": 0.48873985544268583}, "TFIDFSearchEngine": {"nDCG@10": 0.6113953098923899, "AP": 0.4647058136733242}, "ChromaSemanticSearchEngine": {"nDCG@10": 0.4186453166053978, "AP": 0.2624466640757367}}, "group": {"BM25SearchEngine": {"nDCG@10": 0.7271242319076902, "AP": 0.5536672248128623}, "TFIDFSearchEngine": {"nDCG@10": 0.7110534191701905, "AP": 0.4961775211406615}, "ChromaSemanticSearchEngine": {"nDCG@10": 0.5769477389827696, "AP": 0.3950999276369342}}, "quote": {"BM25SearchEngine": {"nDCG@10": 0.4017229920402075, "AP": 0.32}, "ChromaSemanticSearchEngine": {"nDCG@10": 0.28873981172741836, "AP": 0.24685185185185182}, "TFIDFSearchEngine": {"nDCG@10": 0.5041923946943434, "AP": 0.4116666666666666}}, "page": {"BM25SearchEngine": {"nDCG@10": 0.5591862640378232, "AP": 0.48093431013431015}, "TFIDFSearchEngine": {"nDCG@10": 0.5690547029942067, "AP": 0.4551717502955598}, "ChromaSemanticSearchEngine": {"nDCG@10": 0.3433128672594758, "AP": 0.18066753784134731}}}