{"metrics": {"BM25SearchEngine": {"AP": 0.48873985544268583, "nDCG@10": 0.60048389721021}, "TFIDFSearchEngine": {"AP": 0.4647058136733242, "nDCG@10": 0.6113953098923899}, "ChromaSemanticSearchEngine": {"AP": 0.2624466640757367, "nDCG@10": 0.4186453166053978}}}